# useq	vseq	lcslength	lcs-string	lcs
cacatga	actccca	4	acta	(2,1)	(3,2)	(5,3)	(7,7)
tgttcacgga	cataccgc	4	tccg	(1,3)	(5,5)	(7,6)	(8,7)
atcaggcaacgtac	agaccttgtgaa	7	aaccgta	(1,1)	(4,3)	(7,4)	(10,5)	(11,8)	(12,9)	(13,11)
tgggctcccc	ccgcctta	4	cccc	(5,1)	(7,2)	(8,4)	(9,5)
tttacaatgtccgttcc	gacccgtccctacag	8	acgtcctc	(4,2)	(5,3)	(9,6)	(10,7)	(11,8)	(12,9)	(14,11)	(16,13)
gtggactcggtccg	tgctcgcccaccggtcca	11	gtgaccggtcc	(1,2)	(2,4)	(3,6)	(5,10)	(6,11)	(8,12)	(9,13)	(10,14)	(11,15)	(12,16)	(13,17)
cgcca	tcca	3	cca	(1,2)	(3,3)	(5,4)
aagcccgt	catccac	4	accc	(1,2)	(4,4)	(5,5)	(6,7)
caggacttgactaattg	agcgtctcttatcggagtcg	11	aggcttacatg	(2,1)	(3,2)	(4,4)	(6,8)	(7,9)	(8,10)	(10,11)	(11,13)	(13,16)	(15,18)	(17,20)
tgttgggttcatattttcag	gactcgcacgatattcac	11	gtggatattca	(2,1)	(3,4)	(5,6)	(6,10)	(11,11)	(12,12)	(13,13)	(14,14)	(15,15)	(18,16)	(19,17)
aaat	tcc	1	t	(4,1)
gtatgcacagcg	cgcagtccggctg	8	gatccgcg	(1,2)	(3,4)	(4,6)	(6,7)	(8,8)	(10,10)	(11,11)	(12,13)
tcactcgctgt	ccatcggcat	7	catcgct	(2,2)	(3,3)	(5,4)	(6,5)	(7,6)	(8,8)	(9,10)
tgacgtacttcatgcgtcc	tggacactgacgccgtggggagaga	12	tgacactcgcgt	(1,1)	(2,2)	(3,4)	(4,5)	(7,6)	(8,7)	(9,8)	(11,11)	(14,12)	(15,13)	(16,15)	(17,16)
gctgtaagggggccttat	gaggaggcagcatta	11	gagggggctta	(1,1)	(6,2)	(8,3)	(9,4)	(10,6)	(11,7)	(12,10)	(13,11)	(15,13)	(16,14)	(17,15)
tatcgcgtttgctagc	tactctggcggga	9	tatcgcgga	(1,1)	(2,2)	(3,4)	(4,5)	(5,7)	(6,9)	(7,10)	(11,12)	(14,13)
tgctggcccaagctaaa	tagtagtatctcgccgaa	10	tgctgccgaa	(1,1)	(2,3)	(3,10)	(4,11)	(5,13)	(7,14)	(8,15)	(12,16)	(15,17)	(16,18)
gtggc	ctc	2	tc	(2,2)	(5,3)
cggtcgcctt	aatagctg	4	tgct	(4,3)	(6,5)	(7,6)	(9,7)
gatctgcaacgtaggggtg	tacccgcagttaagggtt	12	acgcagtagggt	(2,2)	(4,5)	(6,6)	(7,7)	(8,8)	(11,9)	(12,10)	(13,12)	(14,14)	(15,15)	(16,16)	(18,18)
ctatgatgattgtttcgta	ttcccttggtgatgtcag	12	cttgtgatgtcg	(1,3)	(2,6)	(4,7)	(5,8)	(7,10)	(8,11)	(9,12)	(10,13)	(12,14)	(13,15)	(16,16)	(17,18)
taattag	taca	3	taa	(1,1)	(2,2)	(3,4)
tatctgaaatgcattacgt	atttgcaggtgttccactgcgct	13	tttgatgcatcgt	(1,2)	(3,3)	(5,4)	(6,5)	(7,7)	(10,10)	(11,11)	(12,14)	(13,16)	(14,18)	(17,20)	(18,21)	(19,23)
acaagctctgggaactgact	gtgactaattcaatgtaagcg	12	acaatctgaacg	(1,4)	(2,5)	(3,7)	(4,8)	(7,10)	(8,11)	(9,14)	(10,15)	(13,17)	(14,18)	(15,20)	(17,21)
ttcaagctttgagg	caatcgtaacatgtg	8	ttaacttg	(1,4)	(2,7)	(4,8)	(5,9)	(7,10)	(8,12)	(9,14)	(11,15)
ccaaaaac	cccggct	3	ccc	(1,1)	(2,2)	(8,6)
aggcgccccaaccgg	aagatcgctgaccag	9	aggcgccag	(1,1)	(2,3)	(3,7)	(4,8)	(5,10)	(6,12)	(7,13)	(10,14)	(14,15)
gagctctgagtagcacc	tggaccgtggagtgggaaa	11	gacctgagtaa	(1,2)	(2,4)	(4,5)	(6,6)	(7,8)	(8,9)	(9,11)	(10,12)	(11,13)	(12,17)	(15,19)
gttggtact	aatgaatggatg	6	gtggat	(1,4)	(2,7)	(4,8)	(5,9)	(7,10)	(9,11)
aacccgtaccggg	aggtgagtacgt	7	aagtacg	(1,1)	(2,6)	(6,7)	(7,8)	(8,9)	(9,10)	(11,11)
aatgcgtacttgtaaaaa	gagagtcaggatcgctgt	10	aatgcgctgt	(1,2)	(2,4)	(3,6)	(4,9)	(5,13)	(6,14)	(9,15)	(10,16)	(12,17)	(13,18)
ccattcatgt	aagagtgaggt	5	atagt	(3,4)	(4,6)	(7,8)	(9,10)	(10,11)
ctagtctg	ccaaggttctg	7	cagtctg	(1,1)	(3,4)	(4,5)	(5,7)	(6,9)	(7,10)	(8,11)
gtaccactgctcggta	ggtcttgagattgt	8	gtaattgt	(1,1)	(2,3)	(3,8)	(6,10)	(8,11)	(11,12)	(13,13)	(15,14)
ggaaaggatagc	aaggtatccccgt	7	aaggatg	(3,1)	(4,2)	(6,3)	(7,4)	(8,6)	(9,7)	(11,12)
ccggcctatggaatt	cgccaccacagtgagta	9	ccccatgga	(1,1)	(2,3)	(5,7)	(6,9)	(8,10)	(9,12)	(10,13)	(11,15)	(12,17)
acctcttcccgaaca	tcaccgctcgagtg	8	accctcga	(1,3)	(2,4)	(3,5)	(5,7)	(6,8)	(8,9)	(11,10)	(12,11)
gaacatccaaagtt	atgcctcccatggg	7	gctccag	(1,3)	(4,5)	(6,6)	(7,7)	(8,8)	(9,10)	(12,14)
gtcctgctt	ataccctgca	6	tcctgc	(2,2)	(3,4)	(4,5)	(5,7)	(6,8)	(7,9)
agccatcg	ccgct	3	gct	(2,3)	(3,4)	(6,5)
acaggc	tcaca	3	aca	(1,3)	(2,4)	(3,5)
cccggaaacgga	tggatatgga	7	ggaagga	(4,2)	(5,3)	(6,4)	(7,6)	(10,8)	(11,9)	(12,10)
acgggagcagtctcctta	cttctgatcctagctt	9	cgacagctt	(2,4)	(3,6)	(6,7)	(8,10)	(9,12)	(10,13)	(12,14)	(13,15)	(16,16)
tgacatgcaaaaagatctta	ttgcctagccattcaagccgtaa	13	tgacatcaagcta	(1,1)	(2,3)	(3,7)	(4,9)	(5,11)	(6,12)	(8,14)	(9,15)	(10,16)	(14,17)	(17,19)	(18,21)	(20,23)
caacggga	aaggcgtgg	6	aacggg	(2,1)	(3,2)	(4,5)	(5,6)	(6,8)	(7,9)
aaccaagg	cacaacagat	5	aacaa	(1,2)	(2,4)	(3,6)	(5,7)	(6,9)
atggtcttccatccggttc	ttcagcttgattcctgtcctt	12	atgttcctcctt	(1,4)	(2,7)	(3,9)	(5,11)	(7,12)	(9,13)	(10,14)	(12,17)	(13,18)	(14,19)	(17,20)	(18,21)
gcatctt	gacatatgg	5	gcatt	(1,1)	(2,3)	(3,4)	(4,5)	(6,7)
aagtaac	tatacc	4	atac	(1,2)	(4,3)	(5,4)	(7,6)
tgcgggctagacgcctac	taaaaggtaggcgacacgg	11	tggggcgacac	(1,1)	(2,6)	(4,7)	(5,10)	(6,11)	(7,12)	(10,13)	(11,14)	(12,15)	(17,16)	(18,17)
gatggccactgtctc	gcgcccattttttc	9	ggccatttc	(1,1)	(4,3)	(6,5)	(7,6)	(8,7)	(10,11)	(12,12)	(14,13)	(15,14)
catatcttccgga	accttacaac	6	ccttcc	(1,2)	(6,3)	(7,4)	(8,5)	(9,7)	(10,10)
ctattagtcgtatgacg	gagcaatcgagatagcacgtg	12	caatcgtagacg	(1,4)	(3,5)	(6,6)	(8,7)	(9,8)	(10,9)	(11,13)	(12,14)	(14,15)	(15,17)	(16,18)	(17,19)
tattggatgcacgtcta	acttcatctttgg	8	attatctt	(2,1)	(3,3)	(4,4)	(7,6)	(8,7)	(10,8)	(14,10)	(16,11)
gatacatg	actctgatt	5	atcat	(2,1)	(3,3)	(5,4)	(6,7)	(7,8)
ttcgtttgtctaaa	caggtggtatgcga	8	cgtttgca	(3,1)	(4,3)	(5,5)	(6,8)	(7,10)	(8,11)	(10,12)	(12,14)
ggctcccatgtggggaggta	gctgggatttcggcgcgcttttc	11	gctattggggt	(1,1)	(3,2)	(4,3)	(8,7)	(9,8)	(11,10)	(12,12)	(13,13)	(14,15)	(15,17)	(19,22)
cccc	atgca	1	c	(1,4)
tccaatctgaatgggtga	acctgattgcatctataga	11	ccaatctaaga	(2,2)	(3,3)	(4,6)	(5,11)	(6,12)	(7,13)	(8,14)	(10,15)	(11,17)	(13,18)	(18,19)
tttatgaataacgtgt	gaagtagtccagat	9	gaatagtgt	(6,1)	(7,2)	(8,3)	(9,5)	(10,6)	(13,7)	(14,8)	(15,12)	(16,14)
taagcttatctaaa	ggagattgctt	6	aagctt	(2,3)	(3,5)	(4,8)	(5,9)	(6,10)	(7,11)
acacctcagggtt	tgacctaactgt	7	acactgt	(1,3)	(2,4)	(3,7)	(4,9)	(6,10)	(9,11)	(12,12)
cgccctcgaagtacaag	tccgcttcagtgaagctca	12	cgcctgaagtca	(1,2)	(2,4)	(3,5)	(4,8)	(6,11)	(8,12)	(9,13)	(10,14)	(11,15)	(12,17)	(14,18)	(15,19)
cccatgccacgtcat	acgagatccga	7	catccga	(1,2)	(4,6)	(5,7)	(7,8)	(8,9)	(11,10)	(14,11)
cgggaag	ccgaga	4	cgga	(1,1)	(2,3)	(3,5)	(5,6)
taccg	ccag	3	ccg	(3,1)	(4,2)	(5,4)
gcctca	tgtg	2	gt	(1,2)	(4,3)
tgtcgtcgtcccctccgt	tactggcactaatcg	9	ttggcctcg	(1,1)	(3,4)	(5,5)	(8,6)	(10,7)	(11,9)	(14,13)	(15,14)	(17,15)
gaccct	aattctt	3	act	(2,2)	(3,5)	(6,7)
ccgatcg	ataacg	4	atcg	(4,1)	(5,2)	(6,5)	(7,6)
tcaatccctag	ttgcccacgtgt	7	tcccctg	(1,1)	(2,4)	(6,5)	(7,6)	(8,8)	(9,10)	(11,11)
tcggccaagactca	tcacaggagc	7	tcggagc	(1,1)	(2,2)	(3,6)	(4,7)	(7,8)	(9,9)	(11,10)
taatggccggttcgtcgttg	cgttgtcctacttcactactgtt	13	ttgccttctcgtt	(1,3)	(4,4)	(5,5)	(7,8)	(8,11)	(11,12)	(12,13)	(13,14)	(15,17)	(16,19)	(17,21)	(18,22)	(19,23)
tgacggcgtgcaaaagaac	gttggactgtccaaatggac	13	tgacgccaaagac	(1,2)	(2,4)	(3,6)	(4,7)	(5,9)	(7,11)	(11,12)	(12,13)	(13,14)	(14,15)	(16,18)	(17,19)	(19,20)
atagagatagca	agcccaaatcgtg	6	aaagtg	(1,1)	(3,7)	(5,8)	(6,11)	(8,12)	(10,13)
ggccagtaatgg	tccttctgggaagcta	6	ggagta	(1,8)	(2,9)	(5,12)	(6,13)	(7,15)	(8,16)
accatgaatattagct	agatctttactctgat	9	acttattat	(1,1)	(2,5)	(5,7)	(9,8)	(10,9)	(11,11)	(12,13)	(13,15)	(16,16)
cccatacgactgttattcaa	acccatttaaaacccgcagtccg	12	cccatacgagtc	(1,2)	(2,3)	(3,4)	(4,5)	(5,6)	(6,9)	(7,13)	(8,16)	(9,18)	(12,19)	(13,20)	(18,22)
gttaggaatgcgatagt	gatggcgagaacaat	10	gtagaacaat	(1,1)	(2,3)	(4,8)	(5,9)	(7,10)	(8,11)	(11,12)	(13,13)	(15,14)	(17,15)
aggacatga	tgccgcaaa	5	ggaaa	(2,2)	(3,5)	(4,7)	(6,8)	(9,9)
cagcccggtatttcgtcag	catgcctactgaccgtcag	14	cagcccgacgtcag	(1,1)	(2,2)	(3,4)	(4,5)	(5,6)	(6,9)	(7,11)	(10,12)	(14,14)	(15,15)	(16,16)	(17,17)	(18,18)	(19,19)
agtggggcg	ggtgggcga	7	gtgggcg	(2,2)	(3,3)	(4,4)	(5,5)	(6,6)	(8,7)	(9,8)
atacaactacatt	acctaagacta	8	ataaacta	(1,1)	(2,4)	(3,5)	(5,6)	(6,8)	(7,9)	(8,10)	(9,11)
ccccagcacagaatctagca	cgtaacaagggattgcaatt	12	cacaagattgca	(1,1)	(5,5)	(7,6)	(8,7)	(10,8)	(11,9)	(12,12)	(14,13)	(16,14)	(18,15)	(19,16)	(20,17)
ggaaacaaacccacagcaac	gatcggctccaggatgc	10	gaccccaagc	(1,1)	(3,2)	(6,4)	(10,7)	(11,9)	(12,10)	(13,11)	(15,14)	(16,16)	(17,17)
gcttgcc	ccccgcc	4	cgcc	(2,4)	(5,5)	(6,6)	(7,7)
tgagaaatttgag	cgactaaaggtgtagg	9	gaaaattgg	(2,2)	(3,3)	(5,6)	(6,7)	(7,8)	(8,11)	(9,13)	(11,15)	(13,16)
ggcatc	ctaccgc	3	cac	(3,1)	(4,3)	(6,7)
agtg	tcc	1	t	(3,1)
ctgttttatgacagtgctg	gctcttttggatgta	11	ctttttgatgt	(1,2)	(2,3)	(4,5)	(5,6)	(6,7)	(7,8)	(10,10)	(11,11)	(15,12)	(16,13)	(18,14)
caccttggaggaagcgga	aaccccagagaaaacaaga	11	cccggaaacga	(1,3)	(3,5)	(4,6)	(7,8)	(8,10)	(9,11)	(12,13)	(13,14)	(15,15)	(16,18)	(18,19)
tagcatccgatccctgaa	ggaaaacggcacgggacat	9	agcacgact	(2,6)	(3,8)	(4,10)	(5,11)	(7,12)	(9,15)	(10,16)	(12,17)	(15,19)
cgacatccccg	tgtatctg	5	gactg	(2,2)	(3,4)	(4,6)	(6,7)	(11,8)
tgcttccatggacaatactt	gcgagtcgcatagctccca	11	gctccatgcta	(2,1)	(3,2)	(4,6)	(6,7)	(7,9)	(8,10)	(9,11)	(10,13)	(13,14)	(16,15)	(17,19)
tttc	catta	2	tt	(1,3)	(2,4)
ttcgc	tccggc	4	tcgc	(1,1)	(3,3)	(4,4)	(5,6)
ttagcgagattgat	caataattaaggcca	7	ttaagga	(1,4)	(2,7)	(3,9)	(7,10)	(8,11)	(12,12)	(13,15)
tcattaatg	tcaaaaat	6	tcaaat	(1,1)	(2,2)	(3,3)	(6,6)	(7,7)	(8,8)
ctacgcct	gcctgt	4	ctgt	(1,2)	(2,4)	(5,5)	(8,6)
cctctccgggacagctaat	ggatttggagtgagtac	9	ttgggagta	(3,5)	(5,6)	(8,8)	(9,10)	(10,12)	(11,13)	(14,14)	(16,15)	(17,16)
