# useq	vseq	lcslength	lcs	lcs-indexpairs
acatcagac	aactacgc	6	acacgc	(1,1)	(2,3)	(3,5)	(5,6)	(7,7)	(9,8)
ACTGGTTCTTTTGGTGCTG	ACTGTTGCTTTGTCTG	15	ACTGTTCTTTGTCTG	(1,1)	(2,2)	(3,3)	(4,4)	(6,5)	(7,6)	(8,8)	(9,9)	(10,10)	(11,11)	(13,12)	(15,13)	(17,14)	(18,15)	(19,16)
ACTGGTTCTTTTGGTGCTG	ACAATATTGGACGT	9	ACTTTGGGT	(1,1)	(2,2)	(3,5)	(6,7)	(7,8)	(13,9)	(14,10)	(16,13)	(18,14)
ACTGGTTCTTTTGGTGCTG	CGGGGTCT	8	CGGGGTCT	(2,1)	(4,2)	(5,3)	(13,4)	(14,5)	(15,6)	(17,7)	(18,8)
ACTGGTTCTTTTGGTGCTG	CAAATGATGG	6	ATGTGG	(1,2)	(3,5)	(4,6)	(6,8)	(13,9)	(14,10)
ACAAATATTTGACTGT	ACTGTTGCTTTGTCTG	10	ACTTTTGCTG	(1,1)	(2,2)	(6,6)	(8,9)	(9,10)	(10,11)	(11,12)	(13,14)	(14,15)	(15,16)
ACAAATATTTGACTGT	ACAATATTGGACGT	13	ACAATATTGACGT	(1,1)	(2,2)	(3,3)	(4,4)	(6,5)	(7,6)	(8,7)	(9,8)	(11,10)	(12,11)	(13,12)	(15,13)	(16,14)
ACAAATATTTGACTGT	CGGGGTCT	4	CTCT	(2,1)	(6,6)	(13,7)	(14,8)
ACAAATATTTGACTGT	CAAATGATGG	9	CAAATATGG	(2,1)	(3,2)	(4,3)	(5,4)	(6,5)	(7,7)	(8,8)	(11,9)	(15,10)
CCTCT	ACTGTTGCTTTGTCTG	5	CCTCT	(1,2)	(2,8)	(3,9)	(4,14)	(5,15)
CCTCT	ACAATATTGGACGT	4	CTCT	(1,2)	(3,8)	(4,12)	(5,14)
CCTCT	CGGGGTCT	4	CTCT	(1,1)	(3,6)	(4,7)	(5,8)
CCTCT	CAAATGATGG	3	CTT	(1,1)	(3,5)	(5,8)
CTGAAATGG	ACTGTTGCTTTGTCTG	6	CTGTGG	(1,2)	(2,3)	(3,4)	(7,11)	(8,12)	(9,16)
CTGAAATGG	ACAATATTGGACGT	7	CAAATGG	(1,2)	(4,3)	(5,4)	(6,6)	(7,7)	(8,9)	(9,10)
CTGAAATGG	CGGGGTCT	4	CGGG	(1,1)	(3,3)	(8,4)	(9,5)
CTGAAATGG	CAAATGATGG	7	CTGATGG	(1,1)	(2,5)	(3,6)	(4,7)	(7,8)	(8,9)	(9,10)
